Date,T1Y Index,T2Y Index,T3Y Index,T5Y Index,T7Y Index,T10Y Index,CP1M,CP3M,CP6M,CP1M_T1Y,CP3M_T1Y,CP6M_T1Y,USPHCI,PCT 3MO FWD,PCT 6MO FWD,PCT 9MO FWD
1/31/1979,10.41,9.86,9.5,9.2,9.14,9.1,9.75,9.95,10.01,0.936599424,0.95581172,0.961575408,47.08,0.011469839,0.018059639,0.024405507
2/28/1979,10.24,9.72,9.29,9.13,9.11,9.1,9.74,9.9,9.96,0.951171875,0.966796875,0.97265625,47.32,0.009298394,0.014865997,0.020612117
3/31/1979,10.25,9.79,9.38,9.2,9.15,9.12,9.72,9.85,9.87,0.948292683,0.96097561,0.962926829,47.39,0.010339734,0.015455305,0.02015375
4/30/1979,10.12,9.78,9.43,9.25,9.21,9.18,9.86,9.95,9.98,0.9743083,0.983201581,0.986166008,47.62,0.006719866,0.013141427,0.017409326
5/31/1979,10.12,9.78,9.42,9.24,9.23,9.25,9.77,9.76,9.71,0.96541502,0.964426877,0.959486166,47.76,0.005653266,0.011451176,0.016352722
6/30/1979,9.57,9.22,8.95,8.85,8.86,8.91,9.88,9.87,9.82,1.032392894,1.031347962,1.026123302,47.88,0.005221387,0.00997299,0.0117866
7/31/1979,9.64,9.14,8.94,8.9,8.92,8.95,10.44,10.42,10.39,1.082987552,1.080912863,1.07780083,47.94,0.006466416,0.010777202,0.007428807
8/31/1979,9.98,9.46,9.14,9.06,9.05,9.03,11.52,11.63,11.6,1.154308617,1.165330661,1.162324649,48.03,0.00582969,0.010763817,0.003913491
9/30/1979,10.84,10.06,9.69,9.41,9.38,9.33,13.06,13.23,13.23,1.204797048,1.220479705,1.220479705,48.13,0.004778724,0.006617039,-0.000206398
10/31/1979,12.44,11.49,10.95,10.63,10.47,10.3,13.34,13.57,13.26,1.072347267,1.090836013,1.065916399,48.25,0.004352332,0.001031779,-0.000621118
11/30/1979,12.39,11.81,11.18,10.93,10.8,10.65,13.35,13.24,12.8,1.07748184,1.068603713,1.033091203,48.31,0.004967916,-0.001853759,0
12/31/1979,11.98,11.39,10.71,10.42,10.42,10.39,13.07,13.04,12.66,1.090984975,1.088480801,1.056761269,48.36,0.001861042,-0.00495356,0.001454697
1/31/1980,12.06,11.5,10.88,10.74,10.77,10.8,13.62,13.78,13.6,1.129353234,1.142620232,1.127694859,48.46,-0.003301692,-0.004968944,0.002073828
2/29/1980,13.92,13.42,12.84,12.6,12.53,12.41,16.55,16.81,16.5,1.188936782,1.207614943,1.185344828,48.55,-0.006797116,-0.004977188,0.00413993
3/31/1980,15.82,14.88,14.05,13.47,13,12.75,16.1,15.78,14.93,1.017699115,0.997471555,0.943742099,48.45,-0.006811146,-0.000415628,0.007020442
4/30/1980,13.3,12.5,12.02,11.84,11.49,11.47,9.6,9.49,9.29,0.721804511,0.713533835,0.698496241,48.3,-0.001656315,0.005391954,0.013179572
5/31/1980,9.39,9.45,9.44,9.95,10.09,10.18,8.56,8.27,8.03,0.911608094,0.880724175,0.855165069,48.22,0.001866445,0.010970813,0.016410256
6/30/1980,8.16,8.73,8.91,9.21,9.45,9.78,8.53,8.41,8.29,1.045343137,1.030637255,1.015931373,48.12,0.006442228,0.0138344,0.021110883
7/31/1980,8.65,9.03,9.27,9.53,9.84,10.25,9.48,9.57,9.61,1.095953757,1.106358382,1.110982659,48.22,0.007051016,0.014827018,0.019207192
8/31/1980,10.24,10.53,10.63,10.84,10.95,11.1,10.82,10.97,11.04,1.056640625,1.071289063,1.078125,48.31,0.009107845,0.014564103,0.020195838
9/30/1980,11.52,11.57,11.57,11.62,11.57,11.51,12.59,12.52,12.32,1.092881944,1.086805556,1.069444444,48.43,0.007433409,0.014757122,0.020752798
10/31/1980,12.49,12.09,12.01,11.86,11.79,11.75,15.23,15.18,14.73,1.2193755,1.215372298,1.179343475,48.56,0.007825371,0.01225991,0.018307567
11/30/1980,14.15,13.51,13.31,12.83,12.71,12.68,18.95,18.07,16.49,1.339222615,1.277031802,1.165371025,48.75,0.005538462,0.01121991,0.014604462
12/31/1980,14.88,14.08,13.65,13.25,13,12.84,17.73,16.58,15.1,1.191532258,1.114247312,1.014784946,48.79,0.007378561,0.013428281,0.012740142
1/31/1981,14.08,13.26,13.01,12.77,12.66,12.57,15.81,15.49,14.87,1.122869318,1.100142045,1.056107955,48.94,0.0044953,0.010577705,0.00849171
2/28/1981,14.57,13.92,13.65,13.41,13.28,13.19,14.15,13.94,13.59,0.971173644,0.956760467,0.932738504,49.02,0.005711954,0.009127789,0.005457853
3/31/1981,13.71,13.57,13.51,13.41,13.24,13.12,14.79,14.56,14.17,1.078774617,1.061998541,1.033552152,49.15,0.006103764,0.005460061,0.001416431
4/30/1981,14.32,14.15,14.09,13.99,13.85,13.68,17.91,17.56,16.66,1.250698324,1.226256983,1.163407821,49.16,0.006102522,0.004043672,0.00060778
5/31/1981,16.2,15.46,15.08,14.63,14.3,14.1,17.34,16.32,15.22,1.07037037,1.007407407,0.939506173,49.3,0.003448276,-0.000202143,-0.002840333
6/30/1981,14.86,14.51,14.29,13.95,13.67,13.47,17.7,17,16.09,1.191117093,1.144010767,1.082772544,49.45,-0.000606673,-0.004653986,-0.007720439
7/31/1981,15.72,15.35,15.15,14.79,14.49,14.28,17.58,17.23,16.62,1.118320611,1.09605598,1.057251908,49.46,-0.002021836,-0.005470016,-0.007928441
8/31/1981,16.72,16.28,16,15.56,15.22,14.94,15.95,16.09,15.93,0.953947368,0.962320574,0.952751196,49.47,-0.003638569,-0.006289308,-0.009764036
9/30/1981,16.52,16.46,16.22,15.93,15.65,15.32,14.8,14.85,14.72,0.895883777,0.898910412,0.891041162,49.42,-0.004046945,-0.007110931,-0.010800897
10/31/1981,15.38,15.54,15.5,15.41,15.33,15.15,12.35,12.16,11.96,0.802990897,0.790637191,0.77763329,49.36,-0.003444084,-0.005895507,-0.009578154
11/30/1981,12.41,12.88,13.11,13.38,13.42,13.39,12.16,12.12,12.14,0.979854956,0.976631749,0.978243352,49.29,-0.002637452,-0.006102522,-0.010410288
12/31/1981,12.85,13.29,13.66,13.6,13.62,13.72,12.9,13.09,13.35,1.003891051,1.018677043,1.038910506,49.22,-0.003047542,-0.006725087,-0.011045204
1/31/1982,14.32,14.57,14.64,14.65,14.67,14.59,14.62,14.53,14.27,1.020949721,1.014664804,0.99650838,49.19,-0.00243952,-0.006113715,-0.012272448
2/28/1982,14.73,14.82,14.73,14.54,14.46,14.43,13.99,13.8,13.47,0.94976239,0.936863544,0.914460285,49.16,-0.003458096,-0.007756685,-0.010865109
3/31/1982,13.95,14.19,14.13,13.98,13.93,13.86,14.38,14.06,13.64,1.030824373,1.007885305,0.977777778,49.07,-0.003668229,-0.007977091,-0.005957272
4/30/1982,13.98,14.2,14.18,14,13.94,13.87,13.79,13.42,13.02,0.986409156,0.959942775,0.931330472,49.07,-0.003668229,-0.009817959,-0.005556699
5/31/1982,13.34,13.78,13.77,13.75,13.74,13.62,13.95,13.96,13.79,1.045727136,1.046476762,1.033733133,48.99,-0.004286589,-0.007380074,-0.001233806
6/30/1982,14.07,14.47,14.48,14.43,14.47,14.3,12.62,12.94,13,0.896943852,0.919687278,0.92395167,48.89,-0.004295357,-0.002259655,0.003895039
7/31/1982,13.24,13.8,14,14.07,14.07,13.95,9.5,10.15,10.8,0.717522659,0.766616314,0.81570997,48.89,-0.006136224,-0.001852233,0.007377049
8/31/1982,11.43,12.32,12.62,13,13.14,13.06,9.96,10.36,10.86,0.871391076,0.906386702,0.950131234,48.78,-0.003075031,0.003084516,0.013488657
9/30/1982,10.85,11.78,12.03,12.25,12.36,12.34,9.08,9.2,9.21,0.836866359,0.847926267,0.848847926,48.68,0.002054232,0.008200082,0.022616137
10/31/1982,9.32,10.19,10.62,10.8,10.88,10.91,8.66,8.69,8.72,0.929184549,0.932403433,0.935622318,48.59,0.004321877,0.01352459,0.023756345
11/30/1982,9.16,9.8,9.98,10.38,10.53,10.55,8.53,8.51,8.5,0.931222707,0.929039301,0.927947598,48.63,0.006169031,0.016554261,0.032564725
12/31/1982,8.91,9.66,9.88,10.22,10.49,10.54,8.19,8.17,8.15,0.919191919,0.91694725,0.914702581,48.78,0.006150062,0.020578647,0.034545089
1/31/1983,8.62,9.33,9.64,10.03,10.36,10.46,8.3,8.34,8.39,0.96287703,0.967517401,0.973317865,48.8,0.009221311,0.019492386,0.039590032
2/28/1983,8.92,9.64,9.91,10.26,10.56,10.72,8.56,8.52,8.48,0.959641256,0.955156951,0.950672646,48.93,0.010423053,0.026496764,0.041998408
3/31/1983,9.04,9.66,9.84,10.08,10.31,10.51,8.58,8.53,8.48,0.949115044,0.943584071,0.938053097,49.08,0.014466178,0.028519783,0.044554455
4/30/1983,8.98,9.57,9.76,10.02,10.29,10.4,8.36,8.33,8.31,0.930957684,0.927616927,0.925389755,49.25,0.01035533,0.030546624,0.046681111
5/31/1983,8.9,9.49,9.66,10.03,10.3,10.38,8.97,9,9.03,1.007865169,1.011235955,1.014606742,49.44,0.01618123,0.031847134,0.046826019
6/30/1983,9.66,10.18,10.32,10.63,10.83,10.85,9.15,9.25,9.36,0.947204969,0.957556936,0.968944099,49.79,0.014259892,0.03049505,0.044613287
7/31/1983,10.2,10.69,10.9,11.21,11.35,11.38,9.41,9.54,9.68,0.92254902,0.935294118,0.949019608,49.76,0.020297428,0.036635809,0.050174351
8/31/1983,10.53,11.07,11.3,11.63,11.77,11.85,9.19,9.24,9.28,0.872744539,0.877492877,0.881291548,50.24,0.015923567,0.031152038,0.045919352
9/30/1983,10.16,10.79,11.07,11.43,11.61,11.65,9.03,8.99,8.98,0.888779528,0.88484252,0.883858268,50.5,0.016435644,0.03078122,0.04358679
10/31/1983,9.81,10.57,10.87,11.28,11.47,11.54,9.1,9.1,9.09,0.927624873,0.927624873,0.926605505,50.77,0.016742171,0.030608291,0.042024833
11/30/1983,9.94,10.66,10.96,11.41,11.61,11.69,9.56,9.53,9.5,0.961770624,0.958752515,0.955734406,51.04,0.015478056,0.030484276,0.041429114
12/31/1983,10.11,10.84,11.13,11.54,11.78,11.83,9.23,9.2,9.18,0.912957468,0.909990109,0.908011869,51.33,0.014611338,0.02764977,0.039226833
1/31/1984,9.9,10.64,10.93,11.37,11.58,11.67,9.35,9.32,9.31,0.944444444,0.941414141,0.94040404,51.62,0.014141806,0.025787966,0.038512365
2/29/1984,10.04,10.79,11.05,11.54,11.75,11.84,9.81,9.83,9.86,0.977091633,0.979083665,0.982071713,51.83,0.015242138,0.026415811,0.036640361
3/31/1984,10.59,11.31,11.59,12.02,12.25,12.32,10.17,10.18,10.22,0.960339943,0.96128423,0.965061379,52.08,0.013248848,0.025014213,0.035580524
4/30/1984,10.9,11.69,11.98,12.37,12.56,12.63,10.38,10.65,10.87,0.952293578,0.97706422,0.997247706,52.35,0.011843362,0.02473098,0.033358181
5/31/1984,11.66,12.47,12.75,13.17,13.34,13.41,10.82,10.98,11.23,0.927958834,0.941680961,0.963121784,52.62,0.011402509,0.021796317,0.031982149
6/30/1984,12.08,12.91,13.18,13.48,13.56,13.56,11.06,11.19,11.34,0.915562914,0.926324503,0.938741722,52.77,0.011938601,0.022659176,0.031863653
7/31/1984,12.03,12.88,13.08,13.27,13.35,13.36,11.19,11.18,11.16,0.930174564,0.929343308,0.927680798,52.97,0.013026241,0.021803951,0.031769487
8/31/1984,11.82,12.43,12.5,12.68,12.75,12.72,11.1,11.04,10.94,0.939086294,0.934010152,0.925549915,53.22,0.01052236,0.020825586,0.029076187
9/30/1984,11.58,12.2,12.34,12.53,12.6,12.52,10.05,10.12,10.16,0.867875648,0.873920553,0.877374784,53.4,0.010861423,0.020192664,0.028812626
10/31/1984,10.9,11.6,11.85,12.06,12.16,12.16,9.01,9.03,9.06,0.826605505,0.828440367,0.831192661,53.66,0.008945211,0.019024751,0.027793015
11/30/1984,9.82,10.65,10.9,11.33,11.49,11.57,8.39,8.44,8.55,0.854378819,0.859470468,0.870672098,53.78,0.010412793,0.018770703,0.028467153
12/31/1984,9.33,10.18,10.56,11.07,11.45,11.5,7.99,8.03,8.15,0.856377278,0.860664523,0.873526259,53.98,0.009447944,0.018168471,0.027469529
1/31/1985,9.02,9.93,10.43,10.93,11.27,11.38,8.46,8.54,8.69,0.937915743,0.946784922,0.963414634,54.14,0.010158847,0.019016274,0.027908663
2/28/1985,9.29,10.17,10.55,11.13,11.44,11.51,8.74,8.9,9.23,0.940796555,0.958019376,0.993541442,54.34,0.008465219,0.018248175,0.026924467
3/31/1985,9.86,10.71,11.05,11.52,11.82,11.86,8.31,8.37,8.47,0.842799189,0.848884381,0.859026369,54.49,0.008808956,0.018191741,0.027932961
4/30/1985,9.14,10.09,10.49,11.01,11.34,11.43,7.8,7.83,7.88,0.853391685,0.856673961,0.86214442,54.69,0.00895959,0.017941283,0.024425287
5/31/1985,8.46,9.39,9.75,10.34,10.72,10.85,7.34,7.35,7.38,0.867612293,0.868794326,0.872340426,54.8,0.009854015,0.018612215,0.024897009
6/30/1985,7.8,8.69,9.05,9.6,10.08,10.16,7.58,7.56,7.57,0.971794872,0.969230769,0.970512821,54.97,0.009459705,0.019282754,0.024803712
7/31/1985,7.86,8.77,9.18,9.7,10.16,10.31,7.73,7.72,7.74,0.98346056,0.982188295,0.984732824,55.18,0.009061254,0.015625,0.023015165
8/31/1985,8.05,8.94,9.31,9.81,10.2,10.33,7.83,7.83,7.86,0.972670807,0.972670807,0.976397516,55.34,0.008854355,0.01522479,0.021356113
9/30/1985,8.07,8.98,9.37,9.81,10.24,10.37,7.81,7.8,7.79,0.967781908,0.966542751,0.965303594,55.49,0.009911696,0.015524625,0.022711143
10/31/1985,8.01,8.86,9.25,9.69,10.11,10.24,7.84,7.77,7.69,0.978776529,0.970037453,0.960049938,55.68,0.006645115,0.014094558,0.021781477
11/30/1985,7.88,8.58,8.88,9.28,9.62,9.78,7.87,7.75,7.62,0.998730964,0.983502538,0.967005076,55.83,0.006448146,0.0126357,0.022108242
12/31/1985,7.67,8.15,8.4,8.73,9.11,9.26,7.78,7.71,7.62,1.014341591,1.005215124,0.993481095,56.04,0.005710207,0.012952449,0.021137925
1/31/1986,7.73,8.14,8.41,8.68,9.03,9.19,7.7,7.63,7.54,0.996119017,0.987063389,0.97542044,56.05,0.00749331,0.015229325,0.023897382
2/28/1986,7.61,7.97,8.1,8.34,8.58,8.7,7.3,7.2,7.08,0.959264126,0.946123522,0.930354796,56.19,0.006228866,0.015741068,0.025578136
3/31/1986,7.03,7.21,7.3,7.46,7.67,7.78,6.75,6.6,6.47,0.960170697,0.93883357,0.920341394,56.36,0.007274663,0.015501145,0.02498253
4/30/1986,6.44,6.7,6.86,7.05,7.16,7.3,6.72,6.62,6.53,1.043478261,1.027950311,1.013975155,56.47,0.007791748,0.016517308,0.025953667
5/31/1986,6.65,7.07,7.27,7.52,7.65,7.71,6.79,6.71,6.63,1.021052632,1.009022556,0.996992481,56.54,0.009550761,0.019446391,0.027753686
6/30/1986,6.73,7.18,7.41,7.64,7.75,7.8,6.42,6.33,6.24,0.953937593,0.940564636,0.927191679,56.77,0.008279021,0.017819706,0.028551653
7/31/1986,6.27,6.67,6.86,7.06,7.22,7.3,6.02,5.92,5.83,0.960127592,0.944178628,0.929824561,56.91,0.008785802,0.018289497,0.028812974
8/31/1986,5.93,6.33,6.49,6.8,7.01,7.17,5.74,5.68,5.61,0.967959528,0.957841484,0.946037099,57.08,0.009985985,0.018386817,0.029067767
9/30/1986,5.77,6.35,6.62,6.92,7.28,7.45,5.74,5.68,5.61,0.994800693,0.98440208,0.972270364,57.24,0.009608665,0.020418758,0.029955495
10/31/1986,5.72,6.28,6.56,6.83,7.24,7.43,5.84,5.76,5.69,1.020979021,1.006993007,0.994755245,57.41,0.009580213,0.020186335,0.03021509
11/30/1986,5.8,6.28,6.46,6.76,7.08,7.25,6.63,6.1,5.88,1.143103448,1.051724138,1.013793103,57.65,0.008499566,0.019263846,0.029266633
12/31/1986,5.87,6.27,6.43,6.67,6.97,7.11,5.95,5.84,5.76,1.01362862,0.994889267,0.981260647,57.79,0.01090154,0.020540911,0.030683167
1/31/1987,5.78,6.23,6.41,6.64,6.92,7.08,6.12,6.05,5.99,1.058823529,1.046712803,1.03633218,57.96,0.010697032,0.020826221,0.031767489
2/28/1987,5.96,6.4,6.56,6.79,7.06,7.25,6.22,6.16,6.1,1.043624161,1.033557047,1.023489933,58.14,0.010835913,0.020929045,0.032508001
3/31/1987,6.03,6.42,6.58,6.79,7.06,7.25,6.39,6.45,6.5,1.059701493,1.069651741,1.077943615,58.42,0.009756933,0.02000339,0.030201342
4/30/1987,6.5,7.02,7.32,7.57,7.83,8.02,6.83,6.93,7.04,1.050769231,1.066153846,1.083076923,58.58,0.010242404,0.021290977,0.031751337
5/31/1987,7,7.76,8.02,8.26,8.47,8.61,6.86,6.92,7,0.98,0.988571429,1,58.77,0.01020929,0.021896581,0.03196271
6/30/1987,6.8,7.57,7.82,8.02,8.27,8.4,6.57,6.65,6.72,0.966176471,0.977941176,0.988235294,58.99,0.010340736,0.020637584,0.032381269
7/31/1987,6.68,7.44,7.74,8.01,8.27,8.45,6.62,6.71,6.81,0.991017964,1.004491018,1.019461078,59.18,0.011152416,0.021724599,0.031580688
8/31/1987,7.03,7.75,8.03,8.32,8.59,8.76,7.26,7.37,7.55,1.032716927,1.048364154,1.073968706,59.37,0.011790467,0.021974363,0.032954358
9/30/1987,7.67,8.34,8.67,8.94,9.26,9.42,7.38,7.89,7.96,0.962190352,1.028683181,1.037809648,59.6,0.010402685,0.022251744,0.031998687
10/31/1987,7.59,8.4,8.75,9.08,9.37,9.52,6.77,7.17,7.17,0.891963109,0.944664032,0.944664032,59.84,0.010695187,0.020667989,0.029955803
11/30/1987,6.96,7.69,7.99,8.35,8.69,8.86,7.76,7.61,7.49,1.114942529,1.093390805,1.076149425,60.07,0.010321292,0.021420333,0.030307968
12/31/1987,7.17,7.86,8.13,8.45,8.82,8.99,6.76,6.87,6.92,0.942817294,0.958158996,0.965132497,60.22,0.011956161,0.021824746,0.030869212
1/31/1988,6.99,7.63,7.87,8.18,8.48,8.67,6.55,6.58,6.58,0.937052933,0.941344778,0.941344778,60.48,0.010085979,0.019479457,0.030484839
2/29/1988,6.64,7.18,7.38,7.71,8.02,8.21,6.57,6.62,6.64,0.989457831,0.996987952,1,60.69,0.011204482,0.020205312,0.030356855
3/31/1988,6.71,7.27,7.5,7.83,8.19,8.37,6.8,6.86,6.92,1.013412817,1.022354694,1.031296572,60.94,0.010009846,0.019171405,0.028976175
4/30/1988,7.01,7.59,7.83,8.19,8.52,8.72,7.07,7.19,7.31,1.008559201,1.025677603,1.042796006,61.09,0.009494189,0.020593481,0.030628608
5/31/1988,7.4,8,8.24,8.58,8.89,9.09,7.41,7.49,7.53,1.001351351,1.012162162,1.017567568,61.37,0.00912498,0.019376716,0.029407064
6/30/1988,7.49,8.03,8.22,8.49,8.78,8.92,7.72,7.82,7.9,1.03070761,1.044058745,1.054739653,61.55,0.009260764,0.019156471,0.028211667
7/31/1988,7.75,8.28,8.44,8.66,8.91,9.06,8.09,8.26,8.36,1.043870968,1.065806452,1.078709677,61.67,0.011188584,0.021327774,0.028730159
8/31/1988,8.17,8.63,8.77,8.94,9.13,9.26,8.09,8.17,8.23,0.990208078,1,1.007343941,61.93,0.010334248,0.020457088,0.026103465
9/30/1988,8.09,8.46,8.57,8.69,8.87,8.98,8.12,8.24,8.24,1.003708282,1.018541409,1.018541409,62.12,0.009980683,0.019126554,0.02511055
10/31/1988,8.11,8.35,8.43,8.51,8.69,8.8,8.38,8.66,8.55,1.033292232,1.067817509,1.054254007,62.36,0.010262989,0.017777778,0.02284184
11/30/1988,8.48,8.67,8.72,8.79,8.89,8.96,9.31,9.11,8.97,1.097877358,1.074292453,1.057783019,62.57,0.010228544,0.015978484,0.021704939
12/31/1988,8.99,9.09,9.11,9.09,9.13,9.11,9.03,9.04,9.02,1.004449388,1.005561735,1.003337041,62.74,0.009244501,0.015319015,0.021032805
1/31/1989,9.05,9.18,9.2,9.15,9.14,9.09,9.29,9.37,9.35,1.026519337,1.035359116,1.033149171,63,0.007619048,0.012759924,0.019275976
2/28/1989,9.25,9.37,9.32,9.27,9.23,9.17,9.88,9.95,9.97,1.068108108,1.075675676,1.077837838,63.21,0.005853504,0.01163888,0.018139171
3/31/1989,9.57,9.68,9.61,9.51,9.43,9.36,9.77,9.81,9.78,1.020898642,1.02507837,1.021943574,63.32,0.006159191,0.011929054,0.019350811
4/30/1989,9.36,9.45,9.4,9.3,9.24,9.18,9.58,9.47,9.29,1.023504274,1.011752137,0.992521368,63.48,0.005198488,0.011753644,0.019928382
5/31/1989,8.98,9.02,8.98,8.91,8.88,8.86,9.34,9.11,8.8,1.040089087,1.014476615,0.979955457,63.58,0.00581944,0.012353401,0.021283206
6/30/1989,8.44,8.41,8.37,8.29,8.31,8.28,8.95,8.68,8.35,1.06042654,1.028436019,0.989336493,63.71,0.005807566,0.013264669,0.020446097
7/31/1989,7.89,7.82,7.83,7.83,7.94,8.02,8.79,8.57,8.32,1.114068441,1.086185044,1.054499366,63.81,0.00658204,0.014790596,0.02130945
8/31/1989,8.18,8.14,8.13,8.09,8.11,8.11,8.87,8.7,8.5,1.084352078,1.063569682,1.039119804,63.95,0.006567631,0.015535187,0.021555042
9/30/1989,8.22,8.28,8.26,8.17,8.23,8.19,8.66,8.53,8.24,1.053527981,1.037712895,1.00243309,64.08,0.007490637,0.014714994,0.019683223
10/31/1989,7.99,7.98,8.02,7.97,8.03,8.01,8.47,8.35,8,1.060075094,1.04505632,1.001251564,64.23,0.008251596,0.014823965,0.017180549
11/30/1989,7.77,7.8,7.8,7.81,7.86,7.87,8.61,8.29,7.93,1.108108108,1.066924067,1.020592021,64.37,0.009010409,0.01508853,0.014843152
12/31/1989,7.72,7.78,7.77,7.75,7.85,7.84,8.2,8.1,7.96,1.062176166,1.049222798,1.031088083,64.56,0.00728005,0.012302014,0.012392901
1/31/1990,7.92,8.09,8.13,8.12,8.2,8.21,8.22,8.14,8.04,1.037878788,1.027777778,1.015151515,64.76,0.006639901,0.009050468,0.008569243
2/28/1990,8.11,8.37,8.39,8.42,8.48,8.47,8.32,8.28,8.23,1.025893958,1.020961776,1.014796547,64.95,0.006158584,0.005967865,0.005356596
3/31/1990,8.35,8.63,8.63,8.6,8.65,8.59,8.32,8.3,8.29,0.996407186,0.994011976,0.992814371,65.03,0.005074581,0.005201958,0.00397736
4/30/1990,8.4,8.72,8.78,8.77,8.81,8.79,8.24,8.25,8.23,0.980952381,0.982142857,0.979761905,65.19,0.002454364,0.001989288,0.000153092
5/31/1990,8.32,8.64,8.69,8.74,8.78,8.76,8.21,8.14,8.06,0.986778846,0.978365385,0.96875,65.35,-0.000153022,-0.000765228,-0.003369066
6/30/1990,8.1,8.35,8.4,8.43,8.52,8.48,8.09,7.99,7.9,0.998765432,0.986419753,0.975308642,65.36,0.000152999,-0.001070828,-0.003675907
7/31/1990,7.94,8.16,8.26,8.33,8.46,8.47,7.99,7.88,7.77,1.006297229,0.992443325,0.978589421,65.35,-0.000459067,-0.002296387,-0.004141104
8/31/1990,7.78,8.06,8.22,8.44,8.64,8.75,8.09,7.96,7.83,1.039845758,1.023136247,1.006426735,65.34,-0.000612182,-0.003215926,-0.003070782
9/30/1990,7.76,8.08,8.27,8.51,8.79,8.89,8.04,7.98,7.81,1.036082474,1.028350515,1.006443299,65.37,-0.001223803,-0.00382907,-0.00230344
10/31/1990,7.55,7.88,8.07,8.33,8.59,8.72,7.84,7.91,7.74,1.038410596,1.047682119,1.025165563,65.32,-0.00183711,-0.003680982,-0.001075599
11/30/1990,7.31,7.6,7.74,8.02,8.28,8.39,8.28,7.8,7.49,1.132694938,1.067031464,1.024623803,65.3,-0.002603369,-0.002456625,0.000460547
12/31/1990,7.05,7.31,7.47,7.73,8,8.08,7.12,7.1,7.02,1.009929078,1.007092199,0.995744681,65.29,-0.002603768,-0.001074939,0.001533272
1/31/1991,6.64,7.13,7.38,7.7,7.97,8.09,6.53,6.49,6.41,0.983433735,0.977409639,0.965361446,65.2,-0.001840491,0.000768285,0.003831418
2/28/1991,6.27,6.87,7.08,7.47,7.73,7.85,6.48,6.41,6.36,1.033492823,1.022328549,1.014354067,65.13,0.000153539,0.00307031,0.00474514
3/31/1991,6.4,7.1,7.35,7.77,8,8.11,6.08,6.07,6.07,0.95,0.9484375,0.9484375,65.12,0.001535627,0.004139834,0.006575929
4/30/1991,6.24,6.95,7.23,7.7,7.92,8.04,5.91,5.92,5.94,0.947115385,0.948717949,0.951923077,65.08,0.00261217,0.005670498,0.007486631
5/31/1991,6.13,6.78,7.12,7.7,7.94,8.07,6.06,6.11,6.16,0.98858075,0.996737357,1.004893964,65.14,0.002916795,0.004592071,0.008251834
6/30/1991,6.36,6.96,7.39,7.94,8.17,8.28,5.98,6.05,6.14,0.940251572,0.951257862,0.965408805,65.22,0.002606562,0.005046643,0.009000763
7/31/1991,6.31,6.92,7.38,7.91,8.15,8.27,5.72,5.72,5.76,0.906497623,0.906497623,0.912836767,65.25,0.003065134,0.004889228,0.009760561
8/31/1991,5.78,6.43,6.8,7.43,7.74,7.9,5.57,5.57,5.59,0.96366782,0.96366782,0.967128028,65.33,0.001683759,0.005348411,0.009744214
9/30/1991,5.57,6.18,6.5,7.14,7.48,7.65,5.29,5.35,5.33,0.9497307,0.960502693,0.956912029,65.39,0.002446857,0.006407323,0.011092539
10/31/1991,5.33,5.91,6.23,6.87,7.25,7.53,4.95,4.98,4.93,0.928705441,0.934333959,0.924953096,65.45,0.001833461,0.006710386,0.012444984
11/30/1991,4.89,5.56,5.9,6.62,7.06,7.42,4.98,4.61,4.49,1.018404908,0.942740286,0.918200409,65.44,0.003667482,0.008069428,0.014097317
12/31/1991,4.38,5.03,5.39,6.19,6.69,7.09,4.11,4.07,4.06,0.938356164,0.929223744,0.926940639,65.55,0.003966438,0.008661298,0.015880218
1/31/1992,4.15,4.96,5.4,6.24,6.7,7.03,4.11,4.11,4.13,0.990361446,0.990361446,0.995180723,65.57,0.004880281,0.010623767,0.016900558
2/29/1992,4.29,5.21,5.72,6.58,6.96,7.34,4.28,4.3,4.38,0.997668998,1.002331002,1.020979021,65.68,0.004415347,0.0104593,0.018231129
3/31/1992,4.63,5.69,6.18,6.95,7.26,7.54,4.02,4.04,4.13,0.86825054,0.872570194,0.892008639,65.81,0.00471053,0.011947973,0.01966967
4/30/1992,4.3,5.34,5.93,6.78,7.15,7.48,3.87,3.88,3.97,0.9,0.902325581,0.923255814,65.89,0.005767188,0.012071827,0.02234218
5/31/1992,4.19,5.23,5.81,6.69,7.06,7.39,3.91,3.92,3.99,0.933174224,0.935560859,0.952267303,65.97,0.006063362,0.013861684,0.022873374
6/30/1992,4.17,5.05,5.6,6.48,6.9,7.26,3.43,3.44,3.53,0.822541966,0.824940048,0.846522782,66.12,0.007259528,0.015015015,0.023241955
7/31/1992,3.6,4.36,4.91,5.84,6.36,6.84,3.38,3.38,3.44,0.938888889,0.938888889,0.955555556,66.27,0.006337709,0.016644175,0.023745919
8/31/1992,3.47,4.19,4.72,5.6,6.12,6.59,3.25,3.24,3.26,0.936599424,0.933717579,0.939481268,66.37,0.007834865,0.016893407,0.025185185
9/30/1992,3.18,3.89,4.42,5.38,5.96,6.42,3.22,3.33,3.33,1.012578616,1.047169811,1.047169811,66.6,0.007807808,0.016090584,0.025118203
10/31/1992,3.3,4.08,4.64,5.6,6.15,6.59,3.25,3.66,3.67,0.984848485,1.109090909,1.112121212,66.69,0.010346379,0.017512615,0.026521291
11/30/1992,3.68,4.58,5.14,6.04,6.49,6.87,3.71,3.67,3.7,1.008152174,0.997282609,1.005434783,66.89,0.00911945,0.017481481,0.02688409
12/31/1992,3.71,4.67,5.21,6.08,6.46,6.77,3.21,3.25,3.35,0.865229111,0.876010782,0.90296496,67.12,0.008343266,0.017434988,0.025622255
1/31/1993,3.5,4.39,4.93,5.83,6.26,6.6,3.14,3.18,3.27,0.897142857,0.908571429,0.934285714,67.38,0.007272188,0.016354796,0.025697182
2/28/1993,3.39,4.1,4.58,5.43,5.87,6.26,3.15,3.17,3.24,0.92920354,0.935103245,0.955752212,67.5,0.008444444,0.017922727,0.027793946
3/31/1993,3.33,3.95,4.4,5.19,5.66,5.98,3.13,3.14,3.19,0.93993994,0.942942943,0.957957958,67.68,0.009160757,0.017423133,0.027733411
4/30/1993,3.24,3.84,4.3,5.13,5.59,5.97,3.11,3.14,3.2,0.959876543,0.969135802,0.987654321,67.87,0.009135111,0.018542853,0.028059011
5/31/1993,3.36,3.98,4.4,5.2,5.66,6.04,3.19,3.25,3.38,0.949404762,0.967261905,1.005952381,68.07,0.009548994,0.019499418,0.028958363
6/30/1993,3.54,4.16,4.53,5.22,5.61,5.96,3.15,3.2,3.35,0.889830508,0.903954802,0.946327684,68.3,0.008345534,0.018730942,0.029170858
7/31/1993,3.47,4.07,4.43,5.09,5.48,5.81,3.14,3.18,3.33,0.904899135,0.916426513,0.959654179,68.49,0.009490437,0.019091698,0.03079788
8/31/1993,3.44,4,4.36,5.03,5.35,5.68,3.14,3.16,3.25,0.912790698,0.918604651,0.944767442,68.72,0.010040745,0.019593718,0.030964612
9/30/1993,3.36,3.85,4.17,4.73,5.08,5.36,3.14,3.26,3.27,0.93452381,0.970238095,0.973214286,68.87,0.010454479,0.020980026,0.032418598
10/31/1993,3.39,3.87,4.18,4.71,5.05,5.33,3.15,3.4,3.43,0.92920354,1.002949853,1.01179941,69.14,0.009690483,0.021486893,0.032417894
11/30/1993,3.58,4.16,4.5,5.06,5.45,5.72,3.35,3.36,3.4,0.93575419,0.938547486,0.94972067,69.41,0.009652788,0.021118721,0.032303569
12/31/1993,3.61,4.21,4.54,5.15,5.48,5.77,3.14,3.19,3.3,0.869806094,0.88365651,0.914127424,69.59,0.010633712,0.022181146,0.032888264
1/31/1994,3.54,4.14,4.48,5.09,5.43,5.75,3.39,3.49,3.62,0.957627119,0.985875706,1.02259887,69.81,0.011889414,0.022933182,0.034159317
2/28/1994,3.87,4.47,4.83,5.4,5.72,5.97,3.63,3.85,4.08,0.937984496,0.994832041,1.054263566,70.08,0.011558219,0.022852306,0.033891213
3/31/1994,4.32,5,5.4,5.94,6.28,6.48,3.81,4.05,4.4,0.881944444,0.9375,1.018518519,70.33,0.01165932,0.022487702,0.033365772
4/30/1994,4.82,5.55,5.99,6.52,6.8,6.97,4.28,4.57,4.92,0.887966805,0.94813278,1.020746888,70.64,0.011183465,0.022539549,0.032525952
5/31/1994,5.31,5.97,6.34,6.78,7.01,7.18,4.36,4.57,4.86,0.821092279,0.860640301,0.915254237,70.89,0.011426153,0.022594142,0.031857675
6/30/1994,5.27,5.93,6.27,6.7,6.91,7.1,4.49,4.75,5.13,0.85199241,0.901328273,0.973434535,71.15,0.010962755,0.0219658,0.029148907
7/31/1994,5.48,6.13,6.48,6.91,7.12,7.3,4.65,4.84,5.19,0.848540146,0.883211679,0.947080292,71.43,0.01147977,0.021591696,0.027949034
8/31/1994,5.56,6.18,6.5,6.88,7.06,7.24,4.9,5.02,5.32,0.881294964,0.902877698,0.956834532,71.7,0.011297071,0.020686802,0.026502732
9/30/1994,5.76,6.39,6.69,7.08,7.28,7.46,5.02,5.51,5.7,0.871527778,0.956597222,0.989583333,71.93,0.011121924,0.018424309,0.024976116
10/31/1994,6.11,6.73,7.04,7.4,7.58,7.74,5.4,5.81,6.01,0.883797054,0.950900164,0.983633388,72.25,0.010242215,0.016714618,0.023002586
11/30/1994,6.54,7.15,7.44,7.72,7.83,7.96,6.08,6.26,6.62,0.929663609,0.957186544,1.012232416,72.51,0.009515929,0.015437158,0.022677892
12/31/1994,7.14,7.59,7.71,7.78,7.8,7.81,5.86,6.22,6.63,0.820728291,0.871148459,0.928571429,72.73,0.007424722,0.014057595,0.022234273
1/31/1995,7.05,7.51,7.66,7.76,7.79,7.78,6.05,6.15,6.38,0.858156028,0.872340426,0.904964539,72.99,0.006576243,0.012930448,0.020557209
2/28/1995,6.7,7.11,7.25,7.37,7.44,7.47,6.07,6.15,6.3,0.905970149,0.917910448,0.940298507,73.2,0.006010929,0.013307985,0.020086277
3/31/1995,6.43,6.78,6.89,7.05,7.14,7.2,6.06,6.12,6.19,0.942457232,0.951788491,0.962674961,73.27,0.006687594,0.014913232,0.020303886
4/30/1995,6.27,6.57,6.68,6.86,6.95,7.06,6.05,6.06,6.07,0.964912281,0.966507177,0.968102073,73.47,0.006397169,0.014065458,0.021339418
5/31/1995,6,6.17,6.27,6.41,6.5,6.63,6.05,5.94,5.79,1.008333333,0.99,0.965,73.64,0.007332971,0.014154759,0.021689651
6/30/1995,5.64,5.72,5.8,5.93,6.05,6.17,5.87,5.79,5.68,1.040780142,1.026595745,1.007092199,73.76,0.008270065,0.013715208,0.022064723
7/31/1995,5.59,5.78,5.89,6.01,6.2,6.28,5.85,5.82,5.75,1.046511628,1.041144902,1.02862254,73.94,0.007708953,0.015031539,0.022781775
8/31/1995,5.75,5.98,6.1,6.24,6.41,6.49,5.82,5.74,5.66,1.012173913,0.99826087,0.984347826,74.18,0.006875169,0.014459767,0.023784215
9/30/1995,5.62,5.81,5.89,6,6.13,6.2,5.81,5.82,5.71,1.033807829,1.035587189,1.016014235,74.37,0.005512976,0.013907462,0.02333908
10/31/1995,5.59,5.7,5.77,5.86,5.97,6.04,5.8,5.74,5.59,1.037567084,1.026833631,1,74.51,0.00738156,0.01518785,0.025644415
11/30/1995,5.43,5.48,5.57,5.69,5.83,5.93,5.84,5.64,5.43,1.075506446,1.038674033,1,74.69,0.007631544,0.017007707,0.025404765
12/31/1995,5.31,5.32,5.39,5.51,5.63,5.71,5.56,5.4,5.23,1.047080979,1.016949153,0.984934087,74.78,0.008424712,0.017902135,0.027190332
1/31/1996,5.09,5.11,5.2,5.36,5.54,5.65,5.29,5.15,4.99,1.039292731,1.011787819,0.980353635,75.06,0.007860378,0.018374091,0.025637672
2/29/1996,4.94,5.03,5.14,5.38,5.64,5.81,5.39,5.31,5.26,1.091093117,1.074898785,1.064777328,75.26,0.009433962,0.017901803,0.025450274
3/31/1996,5.34,5.66,5.79,5.97,6.19,6.27,5.4,5.39,5.38,1.011235955,1.009363296,1.007490637,75.41,0.009547805,0.018915014,0.026805465
4/30/1996,5.54,5.96,6.11,6.3,6.48,6.51,5.38,5.39,5.42,0.971119134,0.972924188,0.97833935,75.65,0.010575017,0.017920209,0.027005972
5/31/1996,5.64,6.1,6.27,6.48,6.66,6.74,5.45,5.49,5.57,0.966312057,0.973404255,0.987588652,75.97,0.008556009,0.016183764,0.026032897
6/30/1996,5.81,6.3,6.49,6.69,6.83,6.91,5.44,5.53,5.67,0.936316695,0.951807229,0.975903614,76.13,0.009457507,0.017436565,0.027494514
7/31/1996,5.85,6.27,6.45,6.64,6.76,6.87,5.39,5.42,5.51,0.921367521,0.926495726,0.941880342,76.45,0.007455853,0.01661906,0.027145246
8/31/1996,5.67,6.03,6.21,6.39,6.52,6.64,5.45,5.52,5.66,0.961199295,0.973544974,0.998236332,76.62,0.007700339,0.017614299,0.027442934
9/30/1996,5.83,6.23,6.41,6.6,6.73,6.83,5.37,5.43,5.45,0.92109777,0.931389365,0.934819897,76.85,0.008067664,0.018200594,0.028111423
10/31/1996,5.55,5.91,6.08,6.27,6.42,6.53,5.39,5.41,5.4,0.971171171,0.974774775,0.972972973,77.02,0.009218385,0.01981217,0.027876782
11/30/1996,5.42,5.7,5.82,5.97,6.1,6.2,5.7,5.51,5.44,1.051660517,1.016605166,1.003690037,77.21,0.009972801,0.019876892,0.028821737
12/31/1996,5.47,5.78,5.91,6.07,6.2,6.3,5.43,5.45,5.48,0.992687386,0.996343693,1.001828154,77.47,0.010197496,0.020189113,0.029854522
1/31/1997,5.61,6.01,6.16,6.33,6.47,6.58,5.39,5.4,5.42,0.960784314,0.962566845,0.966131907,77.73,0.010677988,0.018839104,0.029794218
2/28/1997,5.53,5.9,6.03,6.2,6.32,6.42,5.51,5.56,5.61,0.996383363,1.005424955,1.014466546,77.98,0.010002565,0.019045201,0.029693005
3/31/1997,5.8,6.22,6.38,6.54,6.65,6.69,5.61,5.71,5.79,0.967241379,0.984482759,0.998275862,78.26,0.010094557,0.019860848,0.029813353
4/30/1997,5.99,6.45,6.61,6.76,6.86,6.89,5.61,5.69,5.78,0.936560935,0.949916528,0.964941569,78.56,0.008273931,0.019315743,0.028592833
5/31/1997,5.87,6.28,6.42,6.57,6.66,6.71,5.6,5.65,5.69,0.954003407,0.962521295,0.969335605,78.76,0.009141696,0.019879215,0.028379388
6/30/1997,5.69,6.09,6.24,6.38,6.46,6.49,5.56,5.57,5.6,0.9771529,0.978910369,0.984182777,79.05,0.009867173,0.019917324,0.029389881
7/31/1997,5.54,5.89,6,6.12,6.2,6.22,5.55,5.56,5.59,1.001805054,1.003610108,1.009025271,79.21,0.011109708,0.020476963,0.030055659
